"no","title","oecd","score","q","issn1","issn2"
1,"Успехи химии","01.04.00","1,461","1","0042-1308","1817-5651"
2,"Supercomputing Frontiers and Innovations","01.01.00","1,454","1","2409-6008","2313-8734"
3,"Успехи математических наук","01.01.00","1,392","1","0042-1316","2305-2872"
4,"Математический сборник","01.01.00","1,318","1","0368-8666","2305-2783"
5,"Известия Российской академии наук. Серия математическая","01.01.00","1,064","1","1607-0046","2587-5906"
6,"Математические труды","01.01.00","1,021","1","1560-750X",NA
7,"Regular and Chaotic Dynamics","01.01.00","1,018","1","1560-3547","1468-4845"
8,"Археология, этнография и антропология Евразии","06.01.00","0,945","1","1563-0102","2410-7182"
9,"Журнал вычислительной математики и математической физики","01.01.00","0,921","1","0044-4669",NA
10,"Дифференциальные уравнения","01.01.00","0,896","1","0374-0641",NA
11,"Успехи физических наук","01.03.00","0,834","1","0042-1294","1996-6652"
12,"Компьютерная оптика","01.01.00","0,829","1","0134-2452","2412-6179"
13,"Математические заметки","01.01.00","0,827","1","0025-567X","2305-2880"
14,"Почвоведение","01.05.00","0,812","1","0032-180X",NA
15,"Сибирский журнал индустриальной математики","01.01.00","0,808","1","1560-7518",NA
16,"Геотектоника","01.05.00","0,805","1","0016-853X",NA
17,"Авиационные материалы и технологии","02.03.00","0,802","1","2071-9140","2713-0193"
18,"Сибирский математический журнал","01.01.00","0,752","1","0037-4474",NA
19,"Lobachevskii Journal of Mathematics","01.01.00","0,749","1","1995-0802","1818-9962"
20,"Записки Горного института","01.05.00","0,742","1","2411-3336","2541-9404"
21,"Математическое моделирование","01.01.00","0,738","1","0234-0879",NA
22,"Прикладная математика и механика","01.01.00","0,734","1","0032-8235",NA
23,"Биохимия","01.06.00","0,731","1","0320-9725",NA
24,"Проблемы передачи информации","01.01.00","0,705","1","0555-2923",NA
25,"Дискретная математика","01.01.00","0,700","1","0234-0860","2305-3143"
26,"Алгебра и логика","01.01.00","0,697","1","0373-9252",NA
27,"Автоматика и телемеханика","01.01.00","0,694","1","0005-2310",NA
28,"Российская археология","06.01.00","0,683","1","0869-6063",NA
29,"Петрология","01.05.00","0,675","1","0869-5903",NA
30,"Вестник Московского государственного технического университета им. Н.Э. Баумана. Серия Естественные науки","01.01.00","0,674","1","1812-3368","2686-8768"
31,"Алгебра и анализ","01.01.00","0,672","1","0234-0852",NA
32,"Теоретическая и математическая физика","01.01.00","0,665","1","0564-6162","2305-3135"
33,"Известия высших учебных заведений. Прикладная нелинейная динамика","01.01.00","0,664","1","0869-6632","2542-1905"
34,"Стратиграфия. Геологическая корреляция","01.05.00","0,654","1","0869-592X",NA
35,"Известия Иркутского государственного университета. Серия: Математика","01.01.00","0,649","1","1997-7670","2541-8785"
36,"Труды Математического института имени В.А. Стеклова","01.01.00","0,643","1","0371-9685",NA
37,"Журнал неорганической химии","01.04.00","0,633","1","0044-457X",NA
38,"Вопросы образования","05.03.00","0,628","1","1814-9545","2412-4354"
39,"Magazine of Civil Engineering","02.01.00","0,628","1",NA,"2712-8172"
40,"Известия высших учебных заведений. Математика","01.01.00","0,625","1","0021-3446","2076-4626"
41,"Химическая физика","01.04.00","0,622","1","0207-401X",NA
42,"Форсайт","05.02.00","0,619","1","1995-459X","2312-9972"
43,"Вестник Удмуртского университета. Математика. Механика. Компьютерные науки","01.01.00","0,614","1","1994-9197","2076-5959"
44,"Вычислительная механика сплошных сред","01.01.00","0,613","1","1999-6691",NA
45,"Russian Journal of Nonlinear Dynamics","01.01.00","0,611","1","2658-5324","2658-5316"
46,"Сибирский журнал вычислительной математики","01.01.00","0,609","1","1560-7526",NA
47,"Физическая мезомеханика","01.03.00","0,603","1","1683-805X",NA
48,"Stratum plus. Археология и культурная антропология","06.01.00","0,601","1","1608-9057","1857-3533"
49,"Физика Земли","01.05.00","0,590","1","0002-3337",NA
50,"Информатика и ее применения","01.01.00","0,584","1","1992-2264","2310-9912"
51,"Физика металлов и металловедение","01.03.00","0,584","1","0015-3230",NA
52,"Акустический журнал","01.03.00","0,581","1","0320-7919",NA
53,"Палеонтологический журнал","01.05.00","0,580","1","0031-031X",NA
54,"Вестник Самарского государственного технического университета. Серия: Физико- математические науки","01.01.00","0,579","1","1991-8615","2310-7081"
55,"Теоретические основы химической технологии","01.04.00","0,577","1","0040-3571",NA
56,"Земледелие","04.01.00","0,570","1","0044-3913",NA
57,"Демографическое обозрение","05.04.00","0,567","1",NA,"2409-2274"
58,"Nature Conservation Research. Заповедная наука","01.06.00","0,567","1","2500-008X",NA
59,"Acta Naturae (русскоязычная версия)","01.06.00","0,565","1","2075-8243",NA
60,"Уральский исторический вестник","06.01.00","0,562","1","1728-9718",NA
61,"Координационная химия","01.04.00","0,557","1","0132-344X",NA
62,"Известия Академии наук. Серия химическая","01.04.00","0,557","1","1026-3500","2658-784X"
63,"Функциональный анализ и его приложения","01.01.00","0,557","1","0374-1990","2305-2899"
64,"Компьютерные исследования и моделирование","01.01.00","0,556","1","2076-7633","2077-6853"
65,"Микробиология","01.06.00","0,556","1","0026-3656",NA
66,"Ural Mathematical Journal","01.01.00","0,556","1",NA,"2414-3952"
67,"Вестник Южно-Уральского государственного университета. Серия: Вычислительная математика и информатика","01.01.00","0,553","1","2305-9052","2410-7034"
68,"Уфимский математический журнал","01.01.00","0,548","1","2074-1863","2074-1871"
69,"Геомагнетизм и аэрономия","01.03.00","0,548","1","0016-7940",NA
70,"Мир России. Социология. Этнология","05.04.00","0,547","1","1811-038X","1811-0398"
71,"Сибирские электронные математические известия","01.01.00","0,546","1",NA,"1813-3304"
72,"Высокомолекулярные соединения. Серия С","01.04.00","0,545","1","2308-1147","2412-9860"
73,"Кинетика и катализ","01.04.00","0,545","1","0453-8811",NA
74,"Новейшая история России","06.01.00","0,545","1","2219-9659","2309-7973"
75,"Аридные экосистемы","01.05.00","0,542","1","1993-3916",NA
76,"Труды института математики и механики УрО РАН","01.01.00","0,533","1","0134-4889","2658-4786"
77,"Информатика и автоматизация","01.01.00","0,533","1","2713-3192","2713-3206"
78,"Биоорганическая химия","01.04.00","0,531","1","0132-3423","1998-2860"
79,"Теория вероятностей и ее применения","01.01.00","0,529","1","0040-361X",NA
80,"Геология и геофизика","01.05.00","0,526","1","0016-7886",NA
81,"Вопросы экономики","05.02.00","0,525","1","0042-8736",NA
82,"Арктика: экология и экономика","01.05.00","0,524","1","2223-4594",NA
83,"Нанотехнологии в строительстве: научный интернет-журнал","02.01.00","0,524","1",NA,"2075-8545"
84,"Population and Economics","05.04.00","0,522","1",NA,"2658-3798"
85,"Письма в Журнал экспериментальной и теоретической физики","01.03.00","0,519","1","0370-274X",NA
86,"Вестник археологии, антропологии и этнографии","06.01.00","0,517","1","1811-7465","2071-0437"
87,"Вестник Московского университета. Серия 1: Математика. Механика","01.01.00","0,517","1",NA,"0579-9368"
88,"Вулканология и сейсмология","01.05.00","0,516","1","0203-0306",NA
89,"Вестник Санкт-Петербургского университета. Прикладная математика. Информатика. Процессы управления","01.01.00","0,508","1","1811-9905","2542-2251"
90,"Вестник Санкт-Петербургского университета. Математика. Механика. Астрономия","01.01.00","0,508","1","1025-3106","2587-5884"
91,"Russian Journal of Economics","05.02.00","0,503","1","2618-7213","2405-4739"
92,"Физиология растений","01.06.00","0,501","1","0015-3303",NA
93,"Математическая теория игр и ее приложения","01.01.00","0,496","1","2074-9872",NA
94,"Известия Российской академии наук. Механика твердого тела","02.03.00","0,496","1","1026-3519",NA
95,"Чебышевский сборник","01.01.00","0,495","1","2226-8383",NA
96,"Геология рудных месторождений","01.05.00","0,494","1","0016-7770",NA
97,"Водные ресурсы","01.05.00","0,491","1","0321-0596",NA
98,"Известия Российской академии наук. Физика атмосферы и океана","01.05.00","0,491","1","1023-6317",NA
99,"Дискретный анализ и исследование операций","01.01.00","0,489","1","1560-7542",NA
100,"Тихоокеанская геология","01.05.00","0,481","1","0207-4028",NA
101,"Полис. Политические исследования","05.06.00","0,480","1","1026-9487","1684-0070"
102,"Прикладная биохимия и микробиология","01.06.00","0,479","1","0555-1099",NA
103,"Invertebrate Zoology","01.06.00","0,477","1","1812-9250","1814-0815"
104,"Геохимия","01.05.00","0,477","1","0016-7525",NA
105,"Астрономический журнал","01.03.00","0,476","1","0004-6299",NA
106,"Журнал экспериментальной и теоретической физики","01.03.00","0,473","1","0044-4510",NA
107,"Агрохимия","04.01.00","0,472","1","0002-1881",NA
108,"Этнография","06.01.00","0,471","1","2618-8600","2687-0789"
109,"Мембраны и мембранные технологии","01.04.00","0,468","1","2218-1172","2218-1180"
110,"Солнечно-земная физика","01.03.00","0,467","1","2412-4737","2712-9640"
111,"Вычислительные методы и программирование","01.01.00","0,466","1",NA,"1726-3522"
112,"Известия Саратовского университета. Новая серия. Серия: Математика. Механика. Информатика","01.01.00","0,464","1","1816-9791","2541-9005"
113,"Поволжская Археология","06.01.00","0,463","1","2306-4099","2500-2856"
114,"Астрономический вестник. Исследования Солнечной системы","01.03.00","0,456","1","0320-930X",NA
115,"Древняя Русь. Вопросы медиевистики","06.01.00","0,452","1","2071-9574","2071-9590"
116,"Коллоидный журнал","01.04.00","0,452","1","0023-2912",NA
117,"Мониторинг общественного мнения: экономические и социальные перемены","05.04.00","0,452","1",NA,"2219-5467"
118,"Вестник Санкт-Петербургского университета. История","06.01.00","0,452","1","1812-9323","2541-9390"
119,"Литология и полезные ископаемые","01.05.00","0,444","1","0024-497X",NA
120,"Нижневолжский археологический вестник","06.01.00","0,444","1","2587-8123","2658-5995"
121,"Квантовая электроника","01.03.00","0,444","1","0368-7147",NA
122,"Теплофизика и аэромеханика","02.03.00","0,440","1","0869-8635",NA
123,"Океанология","01.05.00","0,438","1","0030-1574",NA
124,"Russian Journal of Linguistics","06.02.00","0,438","1","2687-0088","2686-8024"
125,"Прикладная дискретная математика","01.01.00","0,438","1","2071-0410","2311-2263"
126,"Труды ВИАМ","02.01.00","0,438","1",NA,"2307-6046"
127,"Social Evolution and History","06.01.00","0,436","1","1681-4363",NA
128,"Физика горения и взрыва","01.03.00","0,434","1","0430-6228",NA
129,"Морской гидрофизический журнал","01.05.00","0,429","1","0233-7584",NA
130,"Геофизические процессы и биосфера","01.05.00","0,424","1","1811-0045","2311-9578"
131,"Журнал аналитической химии","01.04.00","0,424","1","0044-4502",NA
132,"Сельскохозяйственная биология","04.01.00","0,420","1","0131-6397","2313-4836"
133,"Достижения науки и техники АПК","04.01.00","0,420","1","0235-2451",NA
134,"Журнал Белорусского государственного университета. Математика. Информатика","01.01.00","0,419","1","2520-6508","2617-3956"
135,"Теплофизика высоких температур","01.03.00","0,419","1","0040-3644",NA
136,"Журнал Сибирского федерального университета. Серия: Математика и физика","01.01.00","0,419","1","1997-1397","2313-6022"
137,"Проблемы прогнозирования","05.02.00","0,419","1","0868-6351",NA
138,"Российская сельскохозяйственная наука","04.01.00","0,418","1","2500-2627",NA
139,"Современные проблемы дистанционного зондирования Земли из космоса","01.03.00","0,416","1","2070-7401","2411-0280"
140,"Журнал Новой экономической ассоциации","05.02.00","0,412","1","2221-2264",NA
141,"Физика плазмы","01.03.00","0,410","1","0367-2921",NA
142,"Physics of Wave Phenomena","01.03.00","0,410","1","1541-308X","1934-807X"
143,"Russian Journal of Earth Sciences","01.05.00","0,410","1",NA,"1681-1208"
144,"Известия Российской академии наук. Теория и системы управления","01.02.00","0,408","1","1029-3620",NA
145,"Аграрная наука Евро-Северо-Востока","04.01.00","0,406","1","2072-9081","2500-1396"
146,"Журнал исследований социальной политики","05.04.00","0,406","1","1727-0634",NA
147,"Доклады Российской академии наук. Науки о Земле","01.05.00","0,405","1","2686-7397",NA
148,"Экономический журнал Высшей школы экономики","05.02.00","0,404","1","1813-8691","1813-8705"
149,"Народонаселение","05.04.00","0,402","1","1561-7785",NA
150,"Химия высоких энергий","01.03.00","0,398","1","0023-1193",NA
151,"Химия твердого топлива","01.04.00","0,398","1","0023-1177",NA
152,"Нефтехимия","02.04.00","0,396","1","0028-2421",NA
153,"Вопросы питания","03.03.00","0,396","1","0042-8833","2658-7440"
154,"Вопросы вирусологии","01.06.00","0,395","1","0507-4088","2411-2097"
155,"Неорганические материалы","01.04.00","0,395","1","0002-337X",NA
156,"Биология внутренних вод","01.06.00","0,394","1","0320-9652",NA
157,"Вестник международных организаций: образование, наука, новая экономика","05.06.00","0,392","1","1996-7845","2542-2081"
158,"Радиохимия","01.04.00","0,392","1","0033-8311",NA
159,"Системные гипертензии","03.02.00","0,392","1","2075-082X","2542-2189"
160,"Молекулярная биология","01.06.00","0,391","1","0026-8984",NA
161,"Математические вопросы криптографии","01.01.00","0,391","1","2220-2617","2222-3193"
162,"Письма в Астрономический журнал","01.03.00","0,390","1","0320-0108",NA
163,"Geodynamics & Tectonophysics","01.05.00","0,390","1",NA,"2078-502X"
164,"Известия Российской академии наук. Серия географическая","01.05.00","0,387","1","2587-5566","2658-6975"
165,"Лесоведение","04.01.00","0,386","1","0024-1148",NA
166,"Зерновое хозяйство России","04.01.00","0,385","1","2079-8725",NA
167,"Пространственная экономика","05.02.00","0,384","1","1815-9834","2587-5957"
168,"Вестник Российской академии наук","05.09.00","0,384","1","0869-5873",NA
169,"Клиническая микробиология и антимикробная химиотерапия","01.06.00","0,384","1","1684-4386","2686-9586"
170,"Краткие сообщения Института археологии","06.01.00","0,384","1","0130-2620",NA
171,"Мировая экономика и международные отношения","05.06.00","0,383","1","0131-2227",NA
172,"Научно-технический вестник информационных технологий, механики и оптики","01.01.00","0,383","1","2226-1494","2500-0373"
173,"Высокомолекулярные соединения. Серия А","01.04.00","0,382","1","2308-1120","2412-9844"
174,"Экология","01.06.00","0,381","1","0367-0597",NA
175,"Макрогетероциклы","01.04.00","0,381","1","1998-9539","2713-1092"
176,"Российская история","06.01.00","0,380","1","0869-5687",NA
177,"Журнал прикладной химии","01.04.00","0,379","1","0044-4618",NA
178,"Биомедицинская химия","01.06.00","0,379","1","2310-6972","2310-6905"
179,"Geography, Environment, Sustainability","01.05.00","0,379","1","2071-9388","2542-1565"
180,"Физика твердого тела","01.03.00","0,378","1","0367-3294",NA
181,"Сибирские исторические исследования","05.04.00","0,377","1","2312-461X","2312-4628"
182,"Оптика атмосферы и океана","01.03.00","0,377","1","0869-5695",NA
183,"Социологические исследования","05.04.00","0,376","1","0132-1625",NA
184,"Quaestio Rossica","06.01.00","0,374","1","2311-911X","2313-6871"
185,"Вопросы государственного и муниципального управления","05.06.00","0,371","1","1999-5431","2409-5095"
186,"Письма в Журнал технической физики","01.03.00","0,370","1","0320-0116",NA
187,"Российский журнал биологических инвазий","01.06.00","0,369","1",NA,"1996-1499"
188,"Теплоэнергетика","02.03.00","0,368","1","0040-3636",NA
189,"Вестник древней истории","06.01.00","0,368","1","0321-0391",NA
190,"Социологический журнал","05.04.00","0,367","1","1562-2495","1684-1581"
191,"Исследование Земли из космоса","01.03.00","0,366","1","0205-9614",NA
192,"Материалы по археологии и истории античного и средневекового Причерноморья","06.01.00","0,363","1",NA,"2713-2021"
193,"Ученые записки Казанского университета. Серия: Физико-математические науки","01.01.00","0,361","1","2541-7746","2500-2198"
194,"Оптика и спектроскопия","01.03.00","0,360","1","0030-4034",NA
195,"Катализ в промышленности","01.04.00","0,360","1","1816-0387","2413-6476"
196,"Владикавказский математический журнал","01.01.00","0,358","1","1683-3414","1814-0807"
197,"Вестник гражданского права","05.05.00","0,355","1","1992-2043",NA
198,"Кристаллография","01.03.00","0,354","1","0023-4761",NA
199,"Генетика","01.06.00","0,354","1","0016-6758",NA
200,"Журнал органической химии","01.04.00","0,354","1","0514-7492",NA
201,"Сахарный диабет","03.02.00","0,354","1","2072-0351","2072-0378"
202,"Балтийский регион","05.07.00","0,354","1","2074-9848","2310-0532"
203,"Ветеринария сегодня","04.03.00","0,354","1","2304-196X","2658-6959"
204,"Археологические вести","06.01.00","0,353","1","1817-6976",NA
205,"Вопросы ихтиологии","01.06.00","0,352","1","0042-8752",NA
206,"Прикладная механика и техническая физика","02.03.00","0,352","1","0869-5032",NA
207,"Золотоордынское обозрение","06.01.00","0,352","1","2308-152X","2313-6197"
208,"Известия высших учебных заведений. Физика","01.03.00","0,349","1","0021-3411",NA
209,"Вопросы гинекологии, акушерства и перинатологии","03.02.00","0,348","1","1726-1678","2414-9152"
210,"Высокомолекулярные соединения. Серия Б","01.04.00","0,347","1","2308-1139","2412-9852"
211,"Известия высших учебных заведений. Северо-Кавказский регион. Серия: Естественные науки","01.01.00","0,346","1","1026-2237",NA
212,"Российский журнал Проблемы ветеринарной санитарии, гигиены и экологии","04.03.00","0,346","1","2075-1818",NA
213,"Трение и износ","02.03.00","0,344","1","0202-4977",NA
214,"Вестник Новосибирского государственного университета. Серия: Лингвистика и межкультурная коммуникация","06.02.00","0,344","1","1818-7935",NA
215,"Сибирский экологический журнал","01.06.00","0,344","1","0869-8619",NA
216,"Экономическая социология","05.04.00","0,343","1",NA,"1726-3247"
217,"Известия высших учебных заведений. Радиофизика","01.03.00","0,343","1","0021-3462",NA
218,"Программирование","01.02.00","0,343","1","0132-3474",NA
219,"Вестник Волгоградского государственного университета. Серия 4: История. Регионоведение. Международные отношения","06.01.00","0,342","1","1998-9938","2312-8704"
220,"Жанры речи","06.02.00","0,342","1","2311-0740","2311-0759"
221,"Метеорология и гидрология","01.05.00","0,342","1","0130-2906",NA
222,"Arctoa","01.06.00","0,340","1","0131-1379",NA
223,"Микроэлектроника","02.02.00","0,340","1","0544-1269",NA
224,"Российский кардиологический журнал","03.02.00","0,340","1","1560-4071","2618-7620"
225,"Studia Slavica et Balcanica Petropolitana","06.01.00","0,339","1","1995-848X",NA
226,"Астрофизический бюллетень","01.03.00","0,339","1",NA,"1990-3391"
227,"Бюллетень Почвенного института им. В.В. Докучаева","04.01.00","0,338","1","0136-1694","2312-4202"
228,"Проблемы машиностроения и надежности машин","02.03.00","0,337","1","0235-7119",NA
229,"Вестник Российского университета дружбы народов. Серия: Социология","05.04.00","0,336","1","2313-2272","2408-8897"
230,"Foods and Raw Materials","04.05.00","0,335","1","2308-4057","2310-9599"
231,"Микология и фитопатология","01.06.00","0,335","1","0026-3648",NA
232,"Физика и химия стекла","01.04.00","0,335","1","0132-6651",NA
233,"Университетское управление: практика и анализ","05.03.00","0,335","1","1999-6640","1999-6659"
234,"Математическое моделирование и численные методы","01.01.00","0,334","2","2309-3684",NA
235,"Криосфера Земли","01.05.00","0,334","2","1560-7496",NA
236,"Физика и техника полупроводников","01.03.00","0,333","2","0015-3222",NA
237,"Вестник российских университетов. Математика","01.01.00","0,333","2","2686-9667","2782-3342"
238,"Research Results in Pharmacology","01.06.00","0,333","2",NA,"2658-381X"
239,"Антропологический форум","05.04.00","0,332","2","1815-8870",NA
240,"Вопросы инженерной сейсмологии","01.05.00","0,331","2","0132-2826","2311-9586"
241,"Вестник Казанского государственного аграрного университета","04.01.00","0,331","2","2073-0462",NA
242,"Психологическая наука и образование","05.01.00","0,331","2","1814-2052","2311-7273"
243,"Журнал общей биологии","01.06.00","0,330","2","0044-4596",NA
244,"Журнал физической химии","01.04.00","0,330","2","0044-4537",NA
245,"Политическая наука","05.06.00","0,329","2","1998-1775",NA
246,"Вестник Томского государственного университета. История","06.01.00","0,327","2","1998-8613","2311-2387"
247,"Известия Российской академии наук. Серия биологическая","01.06.00","0,326","2","1026-3470",NA
248,"Дальневосточный математический журнал","01.01.00","0,326","2","1608-845X",NA
249,"Вестник Пермского национального исследовательского политехнического университета. Механика","02.03.00","0,324","2","2224-9893","2226-1869"
250,"Journal of Institutional Studies","05.02.00","0,323","2","2076-6297","2412-6039"
251,"Журнал технической физики","01.03.00","0,323","2","0044-4642",NA
252,"Контуры глобальных трансформаций: политика, экономика, право","05.06.00","0,322","2","2542-0240","2587-9324"
253,"Вестник Института социологии","05.04.00","0,321","2",NA,"2221-1616"
254,"Молочная промышленность","04.02.00","0,321","2","1019-8946",NA
255,"Доклады Российской академии наук. Математика, информатика, процессы управления","01.01.00","0,321","2","2686-9543",NA
256,"Известия Российской академии наук. Механика жидкости и газа","01.03.00","0,321","2","1024-7084",NA
257,"Полития: Анализ. Хроника. Прогноз (Журнал политической философии и социологии политики)","05.06.00","0,320","2","2078-5089","2587-5914"
258,"Металловедение и термическая обработка металлов","02.03.00","0,319","2","0026-0819",NA
259,"Известия высших учебных заведений. Авиационная техника","02.03.00","0,318","2","0579-2975",NA
260,"Культурно-историческая психология","05.01.00","0,318","2","1816-5435","2224-8935"
261,"Деформация и разрушение материалов","02.05.00","0,317","2","1814-4632",NA
262,"Биология моря","01.06.00","0,317","2","0134-3475",NA
263,"Геоморфология","01.05.00","0,317","2","0435-4281","2658-4530"
264,"Инженерно-физический журнал","01.03.00","0,316","2","0021-0285",NA
265,"Биофизика","01.06.00","0,315","2","0006-3029",NA
266,"Кормопроизводство","04.01.00","0,314","2","1562-0417",NA
267,"Атомная энергия","02.03.00","0,312","2","0004-7163",NA
268,"Biological Communications","01.06.00","0,311","2","2542-2154","2587-5779"
269,"Электрохимия","01.04.00","0,311","2","0424-8570",NA
270,"Поверхность. Рентгеновские, синхротронные и нейтронные исследования","01.03.00","0,311","2","1028-0960",NA
271,"Византийский временник","06.01.00","0,310","2","0132-3776",NA
272,"Гироскопия и навигация","02.02.00","0,310","2","0869-7035","2075-0927"
273,"Ветеринария и кормление","04.03.00","0,309","2","1814-9588",NA
274,"Инфекция и иммунитет","01.06.00","0,308","2","2220-7619","2313-7398"
275,"Международные процессы","05.06.00","0,308","2","1728-2756","1811-2773"
276,"Российский журнал гастроэнтерологии, гепатологии, колопроктологии","03.02.00","0,307","2","1382-4376","2658-6673"
277,"Социологическая наука и социальная практика","05.04.00","0,307","2","2308-6416","2413-6891"
278,"Социологическое обозрение","05.04.00","0,306","2","1728-192X","1728-1938"
279,"Успехи физиологических наук","01.06.00","0,306","2","0301-1798",NA
280,"Агрофизика","04.01.00","0,306","2","2222-0666",NA
281,"Растительность России","01.06.00","0,305","2","2073-0659",NA
282,"Журнал социологии и социальной антропологии","05.04.00","0,304","2","1029-8053","2306-6946"
283,"Вестник Санкт-Петербургского университета. Науки о Земле","01.05.00","0,303","2","2541-9668","2587-585X"
284,"Литосфера","01.05.00","0,303","2","1681-9004","2500-302X"
285,"Прикладная эконометрика","05.02.00","0,302","2","1993-7601","2410-6445"
286,"Социология власти","05.04.00","0,302","2","2074-0492","2413-144X"
287,"Вестник СГУГиТ (Сибирского государственного университета геосистем и технологий)","01.05.00","0,301","2","2411-1759",NA
288,"Космические исследования","01.03.00","0,300","2","0023-4206",NA
289,"Радиотехника и электроника","02.02.00","0,300","2","0033-8494",NA
290,"Вестник Московского университета. Серия 4: Геология","01.05.00","0,300","2","0579-9406",NA
291,"Журнал общей химии","01.04.00","0,300","2","0044-460X","0044-460X"
292,"Приборы и техника эксперимента","01.03.00","0,299","2","0032-8162",NA
293,"Диалог со временем","06.01.00","0,299","2","2073-7564",NA
294,"Ядерная физика","01.03.00","0,299","2","0044-0027",NA
295,"Лёд и снег","01.05.00","0,299","2","2076-6734","2412-3765"
296,"Доклады Российской академии наук. Науки о жизни","01.06.00","0,298","2","2686-7389",NA
297,"Вавиловский журнал генетики и селекции","01.06.00","0,297","2","2500-0462","2500-3259"
298,"Журнал российского права","05.05.00","0,297","2","1605-6590","2500-4298"
299,"Психологический журнал","05.01.00","0,297","2","0205-9592",NA
300,"Социальная психология и общество","05.01.00","0,296","2","2221-1527","2311-7052"
301,"Вопросы языкознания","06.02.00","0,296","2","0373-658X",NA
302,"Известия высших учебных заведений. Лесной журнал","04.01.00","0,296","2","0536-1036",NA
303,"Вестник Томского государственного университета. Биология","01.06.00","0,296","2","1998-8591","2311-2077"
304,"Zoosystematica Rossica","01.06.00","0,295","2","0320-9180","2410-0226"
305,"Птицеводство","04.02.00","0,295","2","0033-3239",NA
306,"Международный сельскохозяйственный журнал","04.01.00","0,294","2","2587-6740",NA
307,"Вестник КрасГАУ","04.01.00","0,294","2","1819-4036",NA
308,"Жидкие кристаллы и их практическое использование","01.03.00","0,294","2","1991-3966","2499-9644"
309,"Атеросклероз и дислипидемии","03.02.00","0,294","2","2219-8202","2409-2355"
310,"Физикохимия поверхности и защита материалов","01.04.00","0,293","2","0044-1856",NA
311,"Science for Education Today","05.03.00","0,292","2",NA,"2658-6762"
312,"Строительная механика инженерных конструкций и сооружений","02.01.00","0,292","2","1815-5235","2587-8700"
313,"Turczaninowia","01.06.00","0,291","2","1560-7259","1560-7267"
314,"Кокс и химия","01.04.00","0,291","2","0023-2815",NA
315,"Кардиоваскулярная терапия и профилактика","03.02.00","0,291","2","1728-8800","2619-0125"
316,"Аналитика и контроль","01.04.00","0,290","2","2073-1442","2073-1450"
317,"Дефектоскопия","02.05.00","0,290","2","0130-3082",NA
318,"Бизнес-информатика","05.02.00","0,290","2","1998-0663","2587-8166"
319,"Вестник Новосибирского государственного университета. Серия: История, филология","06.01.00","0,289","2","1818-7919",NA
320,"Современная Европа","05.06.00","0,289","2","0201-7083",NA
321,"Экономическая политика","05.02.00","0,288","2","1994-5124","2411-2658"
322,"Botanica Pacifica: a Journal of Plant Science and Conservation","01.06.00","0,287","2","2226-4701","2410-3713"
323,"Геоэкология. Инженерная геология, гидрогеология, геокриология","01.05.00","0,287","2","0869-7809",NA
324,"Сейсмические приборы","01.05.00","0,287","2","0131-6230","2312-6965"
325,"Тонкие химические технологии","01.04.00","0,287","2","2410-6593","2686-7575"
326,"Молочное и мясное скотоводство","04.02.00","0,286","2","0026-9034",NA
327,"Вестник Санкт-Петербургского университета. Экономика","05.02.00","0,286","2","1026-356X","2542-226X"
328,"Вестник Томского государственного университета","06.01.00","0,286","2","1561-7793","1561-803X"
329,"Вестник Московского университета. Серия 2: Химия","01.04.00","0,286","2","0579-9384","1728-2101"
330,"Геофизические исследования","01.05.00","0,286","2","1818-3735","2311-9543"
331,"Экологическая генетика","01.06.00","0,284","2","1811-0932","2411-9202"
332,"Биологические мембраны","01.06.00","0,284","2","0233-4755",NA
333,"Молекулярная генетика, микробиология и вирусология","01.06.00","0,284","2","0208-0613",NA
334,"Известия Российской академии наук. Серия физическая","01.03.00","0,283","2","0367-6765",NA
335,"Химия растительного сырья","01.04.00","0,281","2","1029-5151","1029-5143"
336,"Записки Российского минералогического общества","01.05.00","0,281","2","0869-6055","2658-4352"
337,"Иммунология","03.01.00","0,281","2","0206-4952","2412-1312"
338,"Основания, фундаменты и механика грунтов","02.01.00","0,279","2","0030-6223",NA
339,"Автометрия","01.02.00","0,278","2","0320-7102",NA
340,"Journal of Biomedical Photonics & Engineering","01.06.00","0,278","2",NA,"2411-2844"
341,"Успехи современной биологии","01.06.00","0,277","2","0042-1324",NA
342,"Вестник Московского университета. Серия 16: Биология","01.06.00","0,276","2","0137-0952",NA
343,"Вестник восстановительной медицины","03.03.00","0,276","2","2078-1962","2713-2625"
344,"Проблемы Арктики и Антарктики","01.05.00","0,275","2","0555-2648","2618-6713"
345,"Мелиорация и гидротехника","04.01.00","0,274","2",NA,"2712-9357"
346,"Вестник архивиста","06.01.00","0,273","2","2073-0101",NA
347,"Краткие сообщения по физике ФИАН","01.03.00","0,273","2","0455-0595",NA
348,"Химия и технология топлив и масел","01.04.00","0,273","2","0023-1169",NA
349,"Химико-фармацевтический журнал","03.01.00","0,272","2","0023-1134",NA
350,"Ангиология и сосудистая хирургия. Журнал имени академика А.В. Покровского","02.06.00","0,271","2","1027-6661",NA
351,"Теоретическая и прикладная экология","01.06.00","0,271","2","1995-4301","2618-8406"
352,"Пульмонология","03.02.00","0,271","2","0869-0189","2541-9617"
353,"Агрохимический вестник","04.01.00","0,271","2","1029-2551",NA
354,"Письма о материалах","02.05.00","0,270","2","2218-5046","2410-3535"
355,"Вопросы атомной науки и техники. Серия: Термоядерный синтез","01.03.00","0,270","2","0202-3822",NA
356,"Зоотехния","04.02.00","0,270","2","0235-2478",NA
357,"Вестник Московского авиационного института","02.03.00","0,269","2","0869-6101",NA
358,"Наносистемы: физика, химия, математика","01.04.00","0,268","2","2220-8054","2305-7971"
359,"Анализ риска здоровью","03.02.00","0,266","2","2308-1155","2308-1163"
360,"Урало-алтайские исследования","06.02.00","0,266","2","2079-1003","2500-2902"
361,"Известия Русского географического общества","01.05.00","0,266","2","0869-6071",NA
362,"Здравоохранение Российской Федерации","03.03.00","0,265","2","0044-197X","2412-0723"
363,"Металлург","02.05.00","0,265","2","0026-0827",NA
364,"Новая и новейшая история","06.01.00","0,264","2","0130-3864",NA
365,"Стекло и керамика","02.04.00","0,263","2","0131-9582",NA
366,"Право. Журнал Высшей школы экономики","05.05.00","0,262","2","2072-8166",NA
367,"Известия высших учебных заведений. Серия: Химия и химическая технология","01.04.00","0,262","2","0579-2991","2500-3070"
368,"Известия Нижневолжского агроуниверситетского комплекса: Наука и высшее профессиональное образование","04.01.00","0,261","2","2071-9485",NA
369,"Садоводство и виноградарство","04.01.00","0,261","2","0235-2591","2618-9003"
370,"Измерительная техника","01.03.00","0,260","2","0368-1025","0368-1025"
371,"Оптический журнал","01.03.00","0,260","2","1023-5086",NA
372,"Геология нефти и газа","01.05.00","0,260","2","0016-7894","2587-8263"
373,"Вестник Православного Свято-Тихоновского гуманитарного университета. Серия 2: История. История Русской Православной Церкви","06.01.00","0,259","2","1991-6434","2409-4811"
374,"Ученые записки Казанского университета. Серия: Естественные науки","01.05.00","0,259","2","2542-064X","2500-218X"
375,"Журнал структурной химии","01.04.00","0,259","2","0136-7463","2542-0976"
376,"Вестник Камчатской региональной ассоциации Учебно-научный центр. Серия: Науки о Земле","01.05.00","0,259","2","1816-5524","1816-5532"
377,"Плодородие","04.01.00","0,259","2","1994-8603",NA
378,"Труды по прикладной ботанике, генетике и селекции","01.06.00","0,258","2","2227-8834","2619-0982"
379,"Строительные материалы","02.01.00","0,257","2","0585-430X","2658-6991"
380,"Вестник Московского университета. Серия 5: География","01.05.00","0,257","2",NA,"0579-9414"
381,"Ветеринария Кубани","04.03.00","0,256","2","2071-8020",NA
382,"Laboratorium: журнал социальных исследований","06.03.00","0,255","2","2076-8214","2078-1938"
383,"Письма в журнал Физика элементарных частиц и атомного ядра","01.03.00","0,255","2","1814-5957","1814-5973"
384,"Географический вестник","01.05.00","0,255","2","2079-7877",NA
385,"Радиационная биология. Радиоэкология","01.06.00","0,254","2","0869-8031",NA
386,"Геодезия и картография","01.05.00","0,253","2","0016-7126","2587-8492"
387,"Техника и технология пищевых производств","04.05.00","0,252","2","2074-9414","2313-1748"
388,"Вестник Московского университета. Серия 3: Физика. Астрономия","01.03.00","0,252","2",NA,"0579-9392"
389,"Materials Physics and Mechanics","01.03.00","0,252","2","1605-2730","1605-8119"
390,"Аграрный научный журнал","04.01.00","0,251","2","2313-8432","2587-9944"
391,"Электронный научно-образовательный журнал ""История""","06.01.00","0,251","2",NA,"2079-8784"
392,"Вестник российской сельскохозяйственной науки","04.01.00","0,251","2","2500-2082",NA
393,"Фундаментальная и прикладная гидрофизика","01.05.00","0,250","2","2073-6673",NA
394,"Гидрометеорологические исследования и прогнозы","01.05.00","0,250","2","2618-9631",NA
395,"Томский журнал лингвистических и антропологических исследований","06.01.00","0,250","2","2307-6119",NA
396,"Современная зарубежная психология","05.01.00","0,249","2",NA,"2304-4977"
397,"Кардиология","03.02.00","0,249","2","0022-9040","2412-5660"
398,"Аграрный вестник Урала","04.01.00","0,248","2","1997-4868","2307-0005"
399,"Вестник МГСУ","02.01.00","0,248","2","1997-0935","2304-6600"
400,"Наука Юга России","01.05.00","0,247","2","2500-0640",NA
401,"Клиническая практика","03.02.00","0,247","2","2220-3095","2618-8627"
402,"Far Eastern Entomologist","01.06.00","0,247","2","1026-051X","2713-2196"
403,"Сравнительное конституционное обозрение","05.05.00","0,247","2","1812-7126","2542-1417"
404,"Сверхкритические флюиды: теория и практика","01.04.00","0,246","2","1992-8130",NA
405,"Физико-технические проблемы разработки полезных ископаемых","02.07.00","0,246","2","0015-3273",NA
406,"Slověne","06.02.00","0,244","2","2304-0785","2305-6754"
407,"Арктика и Север","05.07.00","0,244","2",NA,"2221-2698"
408,"Терапевтический архив","03.02.00","0,243","2","0040-3660","2309-5342"
409,"Научно-практическая ревматология","03.02.00","0,243","2","1995-4484","1995-4492"
410,"Экология человека","03.03.00","0,243","2","1728-0869",NA
411,"Ученые записки ЦАГИ","01.01.00","0,243","2","0321-3439",NA
412,"Журнал микробиологии, эпидемиологии и иммунобиологии","01.06.00","0,243","2","0372-9311","2686-7613"
413,"Журнал прикладной спектроскопии","01.03.00","0,242","2","0514-7506",NA
414,"Расплавы","01.03.00","0,242","2","0235-0106",NA
415,"Неврология, нейропсихиатрия, психосоматика","03.02.00","0,242","2","2074-2711","2310-1342"
416,"Профилактическая медицина","03.03.00","0,242","2","2305-4948","2309-513X"
417,"Врач и информационные технологии","01.02.00","0,240","2","1811-0193",NA
418,"Вестник Пермского университета. История","06.01.00","0,240","2","2219-3111",NA
419,"Вестник Томского государственного университета. Филология","06.02.00","0,239","2","1998-6645","2310-5046"
420,"Конденсированные среды и межфазные границы","01.04.00","0,239","2","1606-867X","2687-0711"
421,"Доклады Российской академии наук. Физика, технические науки","01.03.00","0,237","2","2686-7400",NA
422,"Паразитология","01.06.00","0,236","2","0031-1847",NA
423,"Нефтегазовая геология. Теория и практика","01.05.00","0,235","2",NA,"2070-5379"
424,"Известия Тимирязевской сельскохозяйственной академии","04.01.00","0,235","2","0021-342X",NA
425,"Прикладная физика","01.03.00","0,235","2","1996-0948",NA
426,"Вестник Южно-Уральского государственного университета. Серия: Математика. Механика. Физика","01.01.00","0,235","2","2075-809X","2409-6547"
427,"Российский экономический журнал","05.02.00","0,234","2","0130-9757",NA
428,"Известия вузов. Прикладная химия и биотехнология","01.04.00","0,234","2","2227-2925","2500-1558"
429,"Russian Entomological Journal","01.06.00","0,233","2","0132-8069",NA
430,"Этнографическое обозрение","05.09.00","0,232","2","0869-5415",NA
431,"Проблемы исторической поэтики","06.02.00","0,232","2","1026-9479","2411-4642"
432,"География и природные ресурсы","01.05.00","0,232","2","0206-1619",NA
433,"Эпистемология и философия науки","06.03.00","0,232","2","1811-833X","2311-7133"
434,"Вестник Томского государственного университета. Философия. Социология. Политология","05.04.00","0,231","2","1998-863X","2311-2395"
435,"Артериальная гипертензия","03.02.00","0,231","2","1607-419X","2411-8524"
436,"Экспериментальная психология","05.01.00","0,230","2","2072-7593","2311-7036"
437,"Вестник гражданского процесса","05.05.00","0,230","2","2226-0781","2686-942X"
438,"Вестник Московского университета. Серия 23: Антропология","01.06.00","0,230","2",NA,"2074-8132"
439,"Средние века","06.01.00","0,230","2","0131-8780",NA
440,"Ветеринария","04.03.00","0,230","2","0042-4846",NA
441,"Радиация и риск (Бюллетень Национального радиационно-эпидемиологического регистра)","01.06.00","0,230","2","0131-3878","2412-950X"
442,"Механика композиционных материалов и конструкций","02.03.00","0,230","2","1029-6670",NA
443,"ИНЭОС OPEN","01.04.00","0,229","2",NA,"2658-5618"
444,"Вестник Ульяновской государственной сельскохозяйственной академии","04.01.00","0,229","2","1816-4501",NA
445,"Искусственный интеллект и принятие решений","01.02.00","0,228","2","2071-8594",NA
446,"Экология и промышленность России","01.06.00","0,228","2","1816-0395","2413-6042"
447,"Экология промышленного производства","01.05.00","0,228","2","2073-2589",NA
448,"Инфекционные болезни","03.03.00","0,228","2","1729-9225","2414-9691"
449,"Физиология человека","03.01.00","0,227","2","0131-1646",NA
450,"Russia in Global Affairs","05.06.00","0,227","2","1810-6374","2618-9844"
451,"Закон","05.05.00","0,227","2","0869-4400",NA
452,"Бюллетень экспериментальной биологии и медицины","01.06.00","0,227","2","0365-9615","2413-1008"
453,"Acarina","01.06.00","0,227","2","0132-8077","2221-5115"
454,"Социальные аспекты здоровья населения","03.03.00","0,227","2",NA,"2071-5021"
455,"Перспективные материалы","01.03.00","0,226","2","1028-978X",NA
456,"Регион: Экономика и Социология","05.02.00","0,226","2","0868-5169",NA
457,"Химия в интересах устойчивого развития","01.04.00","0,226","2","0869-8538",NA
458,"Туберкулез и болезни легких","03.02.00","0,226","2","2075-1230","2542-1506"
459,"Доклады Российской академии наук. Химия, науки о материалах","01.04.00","0,225","2","2686-9535",NA
460,"Зоологический журнал","01.06.00","0,224","2","0044-5134",NA
461,"Вопросы курортологии, физиотерапии и лечебной физической культуры","03.03.00","0,223","2","0042-8787","2309-1355"
462,"Вестник экономического правосудия Российской Федерации","05.05.00","0,223","2","2500-2643",NA
463,"Вестник Омского университета. Серия: Исторические науки","06.01.00","0,223","2","2312-1300",NA
464,"Российские нанотехнологии","02.05.00","0,223","2","1992-7223","1993-4068"
465,"АПК: экономика, управление","04.05.00","0,222","2","0235-2443",NA
466,"Философский журнал","06.03.00","0,222","2","2072-0726","2658-4883"
467,"Вопросы кибербезопасности","01.02.00","0,222","3","2311-3456",NA
468,"Вестник Российского университета дружбы народов. Серия: Международные отношения","05.06.00","0,221","3","2313-0660","2313-0679"
469,"Ботанический журнал","01.06.00","0,221","3","0006-8136","2658-6339"
470,"Физико-химическая кинетика в газовой динамике","01.03.00","0,220","3",NA,"1991-6396"
471,"Russian Journal of Herpetology","01.06.00","0,220","3","1026-2296",NA
472,"Международный вестник ветеринарии","04.03.00","0,220","3","2072-2419",NA
473,"Вестник офтальмологии","03.02.00","0,220","3","0042-465X","2309-1282"
474,"Медицина труда и промышленная экология","03.03.00","0,220","3","1026-9428","2618-8945"
475,"Эпидемиология и вакцинопрофилактика","03.02.00","0,220","3","2073-3046","2619-0494"
476,"Вестник НГАУ (Новосибирский государственный аграрный университет)","04.01.00","0,219","3","2072-6724",NA
477,"Гигиена и санитария","03.03.00","0,219","3","0016-9900","2412-0650"
478,"Заводская лаборатория. Диагностика материалов","01.04.00","0,219","3","1028-6861","2588-0187"
479,"Вестник МГИМО Университета","05.06.00","0,218","3","2071-8160","2541-9099"
480,"Вестник Российского университета дружбы народов. Серия: Юридические науки","05.05.00","0,216","3","2313-2337","2408-9001"
481,"Организационная психология","05.01.00","0,216","3",NA,"2312-5942"
482,"Клиническая фармакология и терапия","03.01.00","0,216","3","0869-5490",NA
483,"Известия Уральского федерального университета. Серия 2: Гуманитарные науки","06.01.00","0,216","3","2227-2283","2587-6929"
484,"ЭКО","05.02.00","0,215","3","0131-7652","2686-7605"
485,"Arthropoda Selecta. Русский артроподологический журнал","01.06.00","0,215","3","0136-006X",NA
486,"Проблемы репродукции","01.06.00","0,215","3","1025-7217","2309-4885"
487,"Национальный психологический журнал","05.01.00","0,214","3","2079-6617","2309-9828"
488,"Цитология","01.06.00","0,213","3","0041-3771",NA
489,"Вестник Воронежского государственного университета. Серия: География. Геоэкология","01.05.00","0,213","3","1609-0683",NA
490,"Сорбционные и хроматографические процессы","01.04.00","0,213","3","1680-0613",NA
491,"Сибирский вестник сельскохозяйственной науки","04.01.00","0,213","3","0370-8799","2658-462X"
492,"Патология кровообращения и кардиохирургия","03.02.00","0,213","3","1681-3472","2500-3119"
493,"Современная ревматология","03.02.00","0,212","3","1996-7012","2310-158X"
494,"Pattern Recognition and Image Analysis","01.02.00","0,212","3","1054-6618","1555-6212"
495,"Общественные науки и современность","05.09.00","0,212","3","0869-0499",NA
496,"Журнал Сибирского федерального университета. Серия: Биология","01.06.00","0,212","3","1997-1389","2313-5530"
497,"Строительство и реконструкция","02.01.00","0,211","3","2073-7416",NA
498,"Биотехнология","01.06.00","0,211","3","0234-2758","2500-2341"
499,"Клиническая и специальная психология","05.01.00","0,211","3",NA,"2304-0394"
500,"Гелиогеофизические исследования","01.05.00","0,211","3",NA,"2304-7380"
501,"Травматология и ортопедия России","03.02.00","0,211","3","2311-2905","2542-0933"
502,"Вестник Санкт-Петербургского университета. Социология","05.04.00","0,211","3","2541-9374","2587-5809"
503,"Журнал неврологии и психиатрии им. C.C. Корсакова","03.02.00","0,211","3","1997-7298","2309-4729"
504,"Журнал инфектологии","03.02.00","0,210","3","2072-6732","2499-9865"
505,"Известия Иркутского государственного университета.Серия: Науки о Земле","01.05.00","0,210","3","2073-3402",NA
506,"Промышленное и гражданское строительство","02.01.00","0,210","3","0869-7019",NA
507,"Биомедицина","01.06.00","0,209","3","2074-5982",NA
508,"Биопрепараты. Профилактика, диагностика, лечение","03.01.00","0,209","3","2221-996X","2619-1156"
509,"Вестник Московского университета. Серия 14: Психология","05.01.00","0,209","3","0137-0936","0137-0936"
510,"Психология. Журнал Высшей школы экономики","05.01.00","0,209","3","1813-8918","2541-9226"
511,"Колопроктология","03.02.00","0,208","3","2073-7556","2686-7303"
512,"Латинская Америка","05.06.00","0,208","3","0044-748X",NA
513,"Логос","05.09.00","0,208","3","0869-5377","2499-9628"
514,"Вестник Московского университета. Серия 17: Почвоведение","01.05.00","0,208","3","0137-0944",NA
515,"International Journal for Computational Civil and Structural Engineering","02.01.00","0,207","3","2587-9618","2588-0195"
516,"Птица и птицепродукты","04.02.00","0,207","3","2073-4999",NA
517,"Математическая биология и биоинформатика","01.06.00","0,207","3",NA,"1994-6538"
518,"Ожирение и метаболизм","03.02.00","0,206","3","2071-8713","2306-5524"
519,"Труды Зоологического института РАН","01.06.00","0,206","3","0206-0477","2221-3996"
520,"Вопросы ономастики","06.02.00","0,206","3","1994-2400","1994-2451"
521,"Вопросы философии","06.03.00","0,206","3","0042-8744",NA
522,"Известия Санкт-Петербургской лесотехнической академии","04.01.00","0,205","3","2079-4304","2658-5871"
523,"Вестник Московского университета. Серия 8: История","06.01.00","0,205","3","0130-0083",NA
524,"Nonlinear Phenomena in Complex Systems","01.03.00","0,205","3","1561-4085","1817-2458"
525,"Кузнечно-штамповочное производство. Обработка материалов давлением","02.03.00","0,204","3","0234-8241",NA
526,"Аграрная наука","04.01.00","0,203","3","0869-8155","2686-701X"
527,"Клеточные технологии в биологии и медицине","01.06.00","0,203","3","1814-3490","2413-4678"
528,"Вестник Томского государственного университета. Математика и механика","02.03.00","0,203","3","1998-8621","2311-2255"
529,"Вычислительные технологии","01.02.00","0,202","3","1560-7534","2313-691X"
530,"Геофизика","01.05.00","0,202","3","1681-4568",NA
531,"Проблемы истории, филологии, культуры","06.05.00","0,202","3","1992-0431","2658-316X"
532,"Петербургский исторический журнал","06.01.00","0,202","3","2311-603X",NA
533,"Космическая техника и технологии","02.03.00","0,201","3","2308-7625",NA
534,"Пластические массы","01.04.00","0,201","3","0554-2901",NA
535,"Нейрохимия","01.06.00","0,201","3","1027-8133",NA
536,"Клиническая и экспериментальная тиреоидология","03.02.00","0,200","3","1995-5472","2310-3787"
537,"Фотоника","01.03.00","0,199","3","1993-7296","2686-844X"
538,"Масс-спектрометрия","01.03.00","0,199","3","1817-969X","1817-9746"
539,"Каучук и резина","01.04.00","0,199","3","0022-9466",NA
540,"Морской биологический журнал","01.06.00","0,198","3","2499-9768","2499-9776"
541,"Сыроделие и маслоделие","04.02.00","0,198","3","2073-4018",NA
542,"Экономика и математические методы","05.02.00","0,198","3","0424-7388",NA
543,"Физика и химия обработки материалов","01.04.00","0,198","3","0015-3214",NA
544,"Журнал радиоэлектроники","01.03.00","0,198","3",NA,"1684-1719"
545,"Гены и Клетки","01.06.00","0,197","3","2313-1829","2500-2562"
546,"Вопросы психологии","05.01.00","0,197","3","0042-8841",NA
547,"Жилищное строительство","02.01.00","0,196","3","0044-4472",NA
548,"Ruthenica: Русский малакологический журнал","01.06.00","0,196","3","0136-0027","2307-7336"
549,"Труды Главной геофизической обсерватории им. А.И. Воейкова","01.05.00","0,196","3","0376-1274",NA
550,"Вестник Московского университета. Серия 15: Вычислительная математика и кибернетика","01.01.00","0,195","3",NA,"0137-0782"
551,"Cybernetics and Physics","01.02.00","0,195","3","2223-7038","2226-4116"
552,"Вестник Санкт-Петербургского университета. Право","05.05.00","0,195","3","2074-1243","2587-5833"
553,"Психология и право","05.01.00","0,195","3",NA,"2222-5196"
554,"Вестник Российского университета дружбы народов. Серия: Агрономия и животноводство","04.01.00","0,195","3","2312-797X","2312-7988"
555,"Вестник Российского университета дружбы народов. Серия: Психология и педагогика","05.01.00","0,195","3","2313-1683","2313-1705"
556,"Общая реаниматология","03.02.00","0,195","3","1813-9779","2411-7110"
557,"Academia. Архитектура и строительство","02.01.00","0,194","3","2077-9038",NA
558,"Педиатрическая фармакология","03.01.00","0,194","3","1727-5776","2500-3089"
559,"Растительные ресурсы","01.06.00","0,194","3","0033-9946",NA
560,"Клиническая лабораторная диагностика","02.06.00","0,194","3","0869-2084",NA
561,"Государство и право","05.05.00","0,193","3","1026-9452","2713-0398"
562,"Техника и оборудование для села","04.05.00","0,193","3","2072-9642",NA
563,"Известия высших учебных заведений. Геодезия и аэрофотосъемка","01.05.00","0,193","3","0536-101X","2618-7299"
564,"Клеи. Герметики. Технологии","01.04.00","0,193","3","1813-7008",NA
565,"Вестник Пермского университета. Политология","05.06.00","0,191","3","2218-1067",NA
566,"Вестник Российской академии медицинских наук","03.02.00","0,191","3","0869-6047","2414-3545"
567,"Таврический вестник аграрной науки","04.05.00","0,191","3","2542-0720",NA
568,"Научные результаты биомедицинских исследований","03.01.00","0,191","3",NA,"2658-6533"
569,"Физические основы приборостроения","01.03.00","0,190","3","2225-4293","2712-7885"
570,"Коррозия: материалы, защита","02.05.00","0,189","3","1813-7016",NA
571,"Вестник Московского университета. Серия 19: Лингвистика и межкультурная коммуникация","06.02.00","0,189","3","2074-1588",NA
572,"Двигателестроение","02.03.00","0,189","3","0202-1633",NA
573,"Энтомологическое обозрение","01.06.00","0,189","3","0367-1445",NA
574,"Пермский аграрный вестник","04.01.00","0,188","3","2307-2873","2410-4140"
575,"Геология, геофизика и разработка нефтяных и газовых месторождений","01.05.00","0,188","3","2413-5011",NA
576,"Сейсмостойкое строительство. Безопасность сооружений","02.01.00","0,187","3","1681-6560","2618-9283"
577,"Наука и технологии трубопроводного транспорта нефти и нефтепродуктов","02.11.00","0,187","3","2221-2701","2541-9595"
578,"Рациональная фармакотерапия в кардиологии","03.01.00","0,187","3","1819-6446","2225-3653"
579,"Строительная механика и расчет сооружений","02.01.00","0,187","3","0039-2383","0039-2383"
580,"Строительство уникальных зданий и сооружений","02.01.00","0,187","3",NA,"2304-6295"
581,"Известия высших учебных заведений. Черная металлургия","02.05.00","0,186","3","0368-0797","2410-2091"
582,"Инфекционные болезни: новости, мнения, обучение","03.02.00","0,185","3","2305-3496","2658-7394"
583,"Эпидемиология и инфекционные болезни. Актуальные вопросы","03.03.00","0,185","3","2226-6976","2414-9640"
584,"Архив патологии","03.01.00","0,184","3","0004-1955","2309-1266"
585,"Вопросы современной педиатрии","03.02.00","0,184","3","1682-5527","1682-5535"
586,"Новости систематики высших растений","01.06.00","0,183","3","0568-5443","2687-1564"
587,"Международное правосудие","05.05.00","0,183","3","2226-2059","2541-8548"
588,"Онтология проектирования","01.02.00","0,183","3","2223-9537","2313-1039"
589,"Современные технологии в медицине","03.02.00","0,182","3","2076-4243","2309-995X"
590,"Вестник Волгоградского государственного университета. Серия 2: Языкознание","06.02.00","0,181","3","1998-9911","2409-1979"
591,"Психолого-педагогические исследования","05.01.00","0,181","3",NA,"2587-6139"
592,"Агроинженерия","04.01.00","0,181","3","2687-1149","2687-1130"
593,"Хирургия позвоночника","03.02.00","0,180","3","1810-8997","2313-1497"
594,"Прикладная информатика","01.02.00","0,180","3","1993-8314","2687-0649"
595,"Конструкции из композиционных материалов","02.03.00","0,180","3","2073-2562",NA
596,"Финансы: теория и практика","05.02.00","0,180","3","2587-5671","2587-7089"
597,"Известия Саратовского университета. Новая серия. Серия: Физика","01.03.00","0,179","3","1817-3020","2542-193X"
598,"Нефрология","03.02.00","0,179","3","1561-6274","2541-9439"
599,"Материаловедение","02.05.00","0,179","3","1684-579X",NA
600,"Успехи геронтологии","03.01.00","0,178","3","1561-9125",NA
601,"Век глобализации","05.09.00","0,178","3","1994-9065",NA
602,"Вестник Санкт-Петербургского университета. Психология","05.01.00","0,178","3","2658-3607","2587-5817"
603,"Поволжский экологический журнал","01.06.00","0,177","3","1684-7318","2541-8963"
604,"Сенсорные системы","01.06.00","0,177","3","0235-0092",NA
605,"Ars Administrandi. Искусство управления","05.02.00","0,177","3","2218-9173",NA
606,"Антиномии","05.06.00","0,176","3","2686-7206","2686-925X"
607,"Schole. Философское антиковедение и классическая традиция","06.02.00","0,176","3","1995-4328","1995-4336"
608,"Сельскохозяйственные машины и технологии","04.05.00","0,175","3","2073-7599","2618-6748"
609,"Вопросы статистики","05.02.00","0,175","3","2313-6383","2658-5499"
610,"Вестник Российского университета дружбы народов. Серия: Политология","05.06.00","0,175","3","2313-1438","2313-1446"
611,"Информационные технологии и вычислительные системы","01.02.00","0,174","3","2071-8632",NA
612,"Дискурс-Пи","05.06.00","0,174","3","1817-9568",NA
613,"Российский медико-биологический вестник имени академика И.П. Павлова","03.01.00","0,174","3","0204-3475","2500-2546"
614,"Анналы клинической и экспериментальной неврологии","03.02.00","0,174","3","2075-5473","2409-2533"
615,"Онтогенез","01.06.00","0,173","3","0475-1450",NA
616,"Российский психологический журнал","05.01.00","0,173","3","1812-1853","2411-5789"
617,"Геоинформатика","01.02.00","0,173","3","1609-364X",NA
618,"Проблемы эндокринологии","03.02.00","0,173","3","0375-9660","2308-1430"
619,"Труды Кубанского государственного аграрного университета","04.01.00","0,173","3","1999-1703",NA
620,"Азия и Африка сегодня","05.06.00","0,173","3","0321-5075","2782-2389"
621,"Фармакоэкономика: теория и практика","03.02.00","0,173","3","2312-2862",NA
622,"Химическая физика и мезоскопия","01.03.00","0,172","3","1727-0227","1727-0529"
623,"Финансовый журнал","05.02.00","0,172","3","2075-1990","2658-5332"
624,"Вестник Воронежского государственного университета. Серия: Геология","01.05.00","0,172","3","1609-0691",NA
625,"Проблемы прочности и пластичности","02.03.00","0,172","3","1814-9146",NA
626,"Тракторы и сельхозмашины","02.03.00","0,171","3","0321-4443","2782-425X"
627,"Системы и средства информатики","01.02.00","0,171","3","0869-6527","2311-0325"
628,"Труды ВНИРО","04.01.00","0,170","3","2307-3497",NA
629,"Химическая технология","02.04.00","0,170","3","1684-5811",NA
630,"Гематология и трансфузиология","03.02.00","0,170","3","0234-5730","2411-3042"
631,"Российский биотерапевтический журнал","03.02.00","0,170","3","1726-9784","1726-9792"
632,"Вопросы наркологии","03.02.00","0,170","3","0234-0623",NA
633,"Евразиатский энтомологический журнал","01.06.00","0,170","3","1684-4866",NA
634,"Комплексные проблемы сердечно- сосудистых заболеваний","03.02.00","0,170","3","2306-1278","2587-9537"
635,"Экологические системы и приборы","01.06.00","0,169","3","2072-9952",NA
636,"Вестник оториноларингологии","03.02.00","0,169","3","0042-4668","2309-1274"
637,"Вестник машиностроения","02.03.00","0,169","3","0042-4633",NA
638,"Кавказский энтомологический бюллетень","01.06.00","0,169","3","1814-3326",NA
639,"Полет. Общероссийский научно-технический журнал","02.03.00","0,169","3","1684-1301",NA
640,"Строительные материалы и изделия","02.01.00","0,169","3","2618-7183",NA
641,"Медицинская иммунология","03.01.00","0,168","3","1563-0625","2313-741X"
642,"Судебная медицина","03.02.00","0,168","3","2411–8729","2409-4161"
643,"Акушерство и гинекология","03.02.00","0,167","3","0300-9092","2412-5679"
644,"Кардиология и сердечно-сосудистая хирургия","03.02.00","0,167","3","1996-6385","2309-4737"
645,"Пути к миру и безопасности","05.06.00","0,167","3","2307-1494","2311-5238"
646,"Российский журнал биомеханики","02.06.00","0,167","3","2409-6601","2410-0609"
647,"Ползуновский вестник","02.04.00","0,166","3","2072-8921",NA
648,"Урология","03.02.00","0,165","3","1728-2985","2414-9020"
649,"Бюллетень Московского общества испытателей природы. Отдел биологический","01.06.00","0,165","3",NA,"0027-1403"
650,"Журнал высшей нервной деятельности им. И.П. Павлова","03.01.00","0,165","3","0044-4677",NA
651,"Философия науки и техники","06.03.00","0,165","3","2413-9084","2658-7297"
652,"Сибирский филологический журнал","06.02.00","0,165","3","1813-7083",NA
653,"Обозрение психиатрии и медицинской психологии имени В.М. Бехтерева","03.01.00","0,165","3","2313-7053","2713-055X"
654,"Journal of Globalization Studies","05.09.00","0,164","3","2075-8103",NA
655,"Экспериментальная и клиническая урология","03.02.00","0,164","3","2222-8543","2712-8571"
656,"Современная герпетология","01.06.00","0,164","3","1814-6090","2542-1964"
657,"Эталоны. Стандартные образцы","01.04.00","0,164","3","2687-0886",NA
658,"Проблемы социальной гигиены, здравоохранения и истории медицины","03.03.00","0,164","3","0869-866X","2412-2106"
659,"Анестезиология и реаниматология (Медиа Сфера)","03.02.00","0,164","3","0201-7563","2410-4698"
660,"Вестник Астраханского государственного технического университета. Серия: Рыбное хозяйство","01.06.00","0,164","3","2073-5529","2309-978X"
661,"Мир транспорта","02.01.00","0,163","3","1992-3252",NA
662,"Пародонтология","03.02.00","0,163","3","1683-3759","1726-7269"
663,"Российский химический журнал","01.04.00","0,162","3","1024-6215","1819-3986"
664,"Гений ортопедии","03.02.00","0,160","3","1028-4427","2542-131X"
665,"Все материалы. Энциклопедический справочник","02.05.00","0,160","3","1994-6260",NA
666,"Journal of Applied Economic Research","05.02.00","0,160","3",NA,"2712-7435"
667,"Природообустройство","02.01.00","0,159","3","1997-6011",NA
668,"Экономика сельского хозяйства России","04.05.00","0,158","3","2070-0288",NA
669,"Славяноведение","06.01.00","0,157","3","0869-544X",NA
670,"Известия высших учебных заведений. Строительство","02.01.00","0,157","3","0536-1052",NA
671,"Российский физиологический журнал им. И.М. Сеченова","03.01.00","0,157","3","0869-8139","2658-655X"
672,"Научно-техническая информация. Серия 2: Информационные процессы и системы","01.02.00","0,157","3","0548-0027",NA
673,"Природные ресурсы Арктики и Субарктики","01.06.00","0,156","3","2618-9712","2686-9683"
674,"Кантовский сборник","06.03.00","0,156","3","0207-6918","2310-3701"
675,"Военно-исторический журнал","06.01.00","0,155","3","0321-0626",NA
676,"Медицинская радиология и радиационная безопасность","03.02.00","0,155","3","1024-6177","2618-9615"
677,"Информатика и образование","05.03.00","0,155","3","0234-0453","2658-7769"
678,"Онкоурология","03.02.00","0,155","3","1726-9776","1996-1812"
679,"Construction and Geotechnics","02.01.00","0,155","3","2687-0894","2687-0908"
680,"Отечественные архивы","06.01.00","0,155","3","0869-4427",NA
681,"Проблемы управления","02.02.00","0,154","3","1819-3161",NA
682,"Обзоры по клинической фармакологии и лекарственной терапии","03.01.00","0,154","3","1683-4100","2542-1875"
683,"Журнал акушерства и женских болезней","03.02.00","0,153","3","1684-0461","1683-9366"
684,"Амурский зоологический журнал","01.06.00","0,153","3","1999-4079","2686-9519"
685,"Исторический архив","06.01.00","0,153","3","0869-6322",NA
686,"Философия и общество","05.04.00","0,153","3","1681-4339",NA
687,"Вестник Московского университета. Серия 6: Экономика","05.02.00","0,153","3","0130-0105",NA
688,"Социальная и клиническая психиатрия","03.02.00","0,153","3","0869-4893",NA
689,"Бюллетень сибирской медицины","03.02.00","0,153","3","1682-0363","1819-3684"
690,"Российский вестник перинатологии и педиатрии","03.02.00","0,153","3","1027-4065","2500-2228"
691,"Стоматология","03.02.00","0,152","3","0039-1735","2309-5318"
692,"Вестник Воронежского государственного аграрного университета","05.02.00","0,152","3","2071-2243",NA
693,"Технология металлов","02.05.00","0,152","3","1684-2499",NA
694,"Медицинский академический журнал","03.01.00","0,151","3","1608-4101","2687-1378"
695,"Региональная архитектура и строительство","02.01.00","0,151","3","2072-2958",NA
696,"Здоровье населения и среда обитания - ЗНиСО","03.03.00","0,151","3","2219-5238","2619-0788"
697,"Русский язык в научном освещении","06.02.00","0,150","3","1681-1062",NA
698,"Композиты и наноструктуры","02.05.00","0,150","3","1999-7590",NA
699,"Вестник Магнитогорского государственного технического университета им. Г.И. Носова","02.05.00","0,150","3","1995-2732","2412-9003"
700,"Мехатроника, автоматизация, управление","01.02.00","0,149","4","1684-6427","2619-1253"
701,"Политическая экспертиза: ПОЛИТЭКС","05.06.00","0,149","4","1818-4499","2618-9577"
702,"Российский паразитологический журнал","03.03.00","0,149","4","1998-8435","2541-7843"
703,"Электротехника","02.02.00","0,149","4","0013-5860",NA
704,"Педиатрия. Журнал им. Г.Н. Сперанского","03.02.00","0,149","4","0031-403X","1990-2182"
705,"Анналы хирургической гепатологии","03.02.00","0,149","4","1995-5464","2408-9524"
706,"Лазерная медицина","03.02.00","0,149","4","2071-8004","2686-8644"
707,"Вестник Санкт-Петербургского университета. Менеджмент","05.02.00","0,148","4","1605-7953","2587-5868"
708,"Российский журнал боли","03.02.00","0,148","4","2219-5297","2618-9860"
709,"Деньги и кредит","05.02.00","0,148","4","0130-3090",NA
710,"Химическая промышленность сегодня","01.04.00","0,147","4","2713-2854",NA
711,"США и Канада: экономика, политика, культура","05.06.00","0,147","4","2686-6730",NA
712,"Журнал Сибирского федерального университета. Серия: Техника и технологии","02.03.00","0,147","4","1999-494X","2313-6057"
713,"Вопросы биологической, медицинской и фармацевтической химии","01.06.00","0,147","4","1560-9596","2587-7313"
714,"Человек","06.03.00","0,147","4","0236-2007",NA
715,"Детские инфекции","03.02.00","0,147","4","2072-8107","2618-8139"
716,"Электричество","02.02.00","0,146","4","0013-5380","2411-1333"
717,"Вопросы истории естествознания и техники","06.05.00","0,145","4","0205-9606",NA
718,"Обработка металлов (технология, оборудование, инструменты)","02.05.00","0,145","4","1994-6309","2541-819X"
719,"Хранение и переработка сельхозсырья","02.11.00","0,145","4","2072-9669","2658-767X"
720,"Вестник трансплантологии и искусственных органов","03.02.00","0,145","4","1995-1191","2412-6160"
721,"Вестник урологии","03.02.00","0,145","4",NA,"2308-6424"
722,"Гинекология","03.02.00","0,144","4","2079-5696","2079-5831"
723,"Хирургия. Журнал им. Н.И. Пирогова","03.02.00","0,143","4","0023-1207","2309-5628"
724,"Вопросы нейрохирургии им. Н.Н. Бурденко","03.02.00","0,143","4","0042-8817","2309-1681"
725,"Известия высших учебных заведений. Порошковая металлургия и функциональные покрытия","02.05.00","0,143","4","1997-308X","2412-8767"
726,"Известия Российской академии наук. Серия литературы и языка","06.02.00","0,143","4","1605-7880","2413-7715"
727,"Медицинский совет","03.01.00","0,143","4","2079-701X","2658-5790"
728,"Доктор.Ру","03.02.00","0,142","4","1727-2378",NA
729,"Гидротехническое строительство","02.01.00","0,142","4","0016-9714",NA
730,"Авиакосмическая и экологическая медицина","03.02.00","0,142","4","0233-528X",NA
731,"Исследования и практика в медицине","03.02.00","0,142","4","2409-2231","2410-1893"
732,"Russian Journal of Nematology","01.06.00","0,141","4","0869-6918",NA
733,"Сталь","02.05.00","0,141","4","0038-920X",NA
734,"Научное приборостроение","02.11.00","0,140","4","0868-5886","2312-2951"
735,"Спортивная медицина: наука и практика","03.03.00","0,140","4","2223-2524","2587-9014"
736,"Антибиотики и химиотерапия","03.01.00","0,140","4","0235-2990",NA
737,"Новый филологический вестник","06.02.00","0,140","4","2072-9316",NA
738,"Электрометаллургия","02.05.00","0,139","4","1684-5781",NA
739,"Робототехника и техническая кибернетика","01.02.00","0,139","4","2310-5305","2312-6612"
740,"Теория и практика физической культуры","03.03.00","0,138","4","0040-3601",NA
741,"Российский психиатрический журнал","03.02.00","0,138","4","1560-957X",NA
742,"Нефрология и диализ","03.02.00","0,138","4","1680-4422","2618-9801"
743,"Экспериментальная и клиническая гастроэнтерология","03.02.00","0,137","4","1682-8658",NA
744,"Проблемы археологии, этнографии, антропологии Сибири и сопредельных территорий","05.07.00","0,137","4",NA,"2227-6548"
745,"Музыкальное искусство и образование","05.03.00","0,137","4","2309-1428",NA
746,"Программная инженерия","01.02.00","0,137","4","2220-3397",NA
747,"Вестник дерматологии и венерологии","03.02.00","0,136","4","0042-4609","2313-6294"
748,"Логические исследования","06.03.00","0,135","4","2074-1472","2413-2713"
749,"Бюллетень НЦССХ им. А.Н. Бакулева РАМН. Сердечно-сосудистые заболевания","03.02.00","0,135","4","1810-0694","2410-9959"
750,"Нервные болезни","03.02.00","0,133","4","2226-0757",NA
751,"Лесной вестник. Forestry Bulletin","04.01.00","0,133","4","2542-1468",NA
752,"Вестник Санкт-Петербургского университета. Язык и литература","06.02.00","0,133","4","2541-9358","2541-9366"
753,"Стандарты и качество","05.02.00","0,133","4","0038-9692",NA
754,"Российский педиатрический журнал","03.02.00","0,132","4","1560-9561","2413-2918"
755,"Вопросы онкологии","03.02.00","0,131","4","0507-3758",NA
756,"Вопросы материаловедения","02.05.00","0,131","4","1994-6716",NA
757,"Психиатрия и психофармакотерапия","03.02.00","0,131","4","2075-1761",NA
758,"Актуальные проблемы Европы","05.07.00","0,130","4","0235-5620",NA
759,"Русская литература","06.02.00","0,130","4","0131-6095",NA
760,"Труды Института системного программирования РАН","01.02.00","0,130","4","2079-8156","2220-6426"
761,"Экспериментальная и клиническая фармакология","03.01.00","0,130","4","0869-2092",NA
762,"Известия высших учебных заведений. Машиностроение","02.03.00","0,130","4","0536-1044",NA
763,"Креативная кардиология","03.02.00","0,130","4","1997-3187","2410-9169"
764,"Трансляционная медицина","03.01.00","0,130","4","2311-4495","2410-5155"
765,"Электронная техника. Серия 3: Микроэлектроника","02.02.00","0,130","4","2410-9932",NA
766,"Корпоративные финансы","05.02.00","0,129","4",NA,"2073-0438"
767,"Медицинская паразитология и паразитарные болезни","03.02.00","0,129","4","0025-8326","2713-1777"
768,"Сварка и диагностика","02.05.00","0,129","4","2071-5234",NA
769,"Проблемы Дальнего Востока","05.06.00","0,129","4","0131-2812","2712-9098"
770,"Авиакосмическое приборостроение","02.03.00","0,129","4","2073-0020",NA
771,"Педиатр","03.02.00","0,128","4","2079-7850","2587-6252"
772,"Нефтяное хозяйство","02.07.00","0,128","4","0028-2448",NA
773,"МИР (Модернизация. Инновации. Развитие)","05.02.00","0,128","4","2079-4665","2411-796X"
774,"Труды Санкт-Петербургского научно- исследовательского института лесного хозяйства","04.01.00","0,128","4","2079-6080",NA
775,"Клиническая дерматология и венерология","03.02.00","0,128","4","1997-2849","2309-4877"
776,"Инженерное образование","05.03.00","0,128","4","1810-2883","2588-0306"
777,"Известия Российской академии наук. Энергетика","02.02.00","0,127","4","0002-3310",NA
778,"Грудная и сердечно-сосудистая хирургия","03.02.00","0,127","4","0236-2791","2410-8685"
779,"Моделирование и анализ информационных систем","01.02.00","0,127","4","1818-1015","2313-5417"
780,"Сибирский онкологический журнал","03.02.00","0,127","4","1814-4861","2312-3168"
781,"Космонавтика и ракетостроение","02.03.00","0,127","4","1994-3210",NA
782,"Журнал эволюционной биохимии и физиологии","01.06.00","0,126","4","0044-4529",NA
783,"Вестник Православного Свято-Тихоновского гуманитарного университета. Серия 1: Богословие. Философия. Религиоведение","06.03.00","0,126","4","1991-640X","2409-4692"
784,"Consilium Medicum","03.02.00","0,126","4","2075-1753","2542-2170"
785,"Российский электронный журнал лучевой диагностики","03.02.00","0,126","4",NA,"2222-7415"
786,"Вестник аритмологии","03.02.00","0,126","4","1561-8641","2658-7327"
787,"Анналы аритмологии","03.02.00","0,126","4","1814-6791","2307-6313"
788,"Международный журнал исследований культуры","06.03.00","0,125","4",NA,"2079-1100"
789,"Известия высших учебных заведений. Поволжский регион. Физико-математические науки","01.03.00","0,125","4","2072-3040",NA
790,"Известия высших учебных заведений. Приборостроение","01.02.00","0,125","4","0021-3454","2500-0381"
791,"Альманах клинической медицины","03.02.00","0,125","4","2072-0505","2587-9294"
792,"Российский вестник акушера-гинеколога","03.02.00","0,125","4","1726-6122","2309-5148"
793,"Studia Litterarum","06.02.00","0,124","4","2500-4247","2541-8564"
794,"Новое литературное обозрение","05.09.00","0,123","4","0869-6365","2309-9968"
795,"Правоведение","05.05.00","0,123","4","2658-6037","2658-3623"
796,"Традиционная культура","06.02.00","0,123","4","2410-6658",NA
797,"Банковское право","05.02.00","0,123","4","1812-3945",NA
798,"Россия в глобальной политике","05.06.00","0,122","4","1810-6439","1810-6447"
799,"Слово.ру: балтийский акцент","06.02.00","0,121","4","2225-5346","2686-8989"
800,"Программные системы: теория и приложения","01.02.00","0,121","4",NA,"2079-3316"
801,"Вестник Санкт-Петербургского университета. Искусствоведение","06.04.00","0,121","4","2221-3007","2542-2243"
802,"Медицинская физика","02.06.00","0,121","4","1810-200X",NA
803,"Литейное производство","02.03.00","0,121","4","0024-449X",NA
804,"Клиническая нефрология","03.02.00","0,121","4","2075-3594","2414-9322"
805,"Медико-социальная экспертиза и реабилитация","03.03.00","0,120","4","1560-9537","2412-2092"
806,"Техника и технология силикатов","02.05.00","0,120","4","2076-0655",NA
807,"Научные и технические библиотеки","05.08.00","0,120","4","1027-3689","2686-8601"
808,"Флебология","03.02.00","0,120","4","1997-6976","2309-5601"
809,"Актуальные проблемы теории и истории искусства","06.04.00","0,118","4","2312-2129",NA
810,"Офтальмохирургия","03.02.00","0,118","4","0235-4160","2312-4970"
811,"Acta Biomedica Scientifica (East Siberian Biomedical Journal)","03.02.00","0,117","4","2541-9420","2587-9596"
812,"Труды Крыловского государственного научного центра","02.01.00","0,117","4","2542-2324","2618-8244"
813,"Вестник Самарского университета. Аэрокосмическая техника, технологии и машиностроение","02.03.00","0,117","4","2542-0453","2541-7533"
814,"Информационные технологии","01.02.00","0,117","4","1684-6400",NA
815,"Ортопедия, травматология и восстановительная хирургия детского возраста","03.02.00","0,116","4","2309-3994","2410-8731"
816,"Бюллетень физиологии и патологии дыхания","03.02.00","0,116","4","1998-5029",NA
817,"Современная онкология","03.02.00","0,116","4","1815-1434","1815-1442"
818,"Онкогематология","03.02.00","0,116","4","1818-8346","2413-4023"
819,"Пищевая промышленность","02.11.00","0,116","4","0235-2486",NA
820,"Цифровая обработка сигналов","01.02.00","0,115","4","1684-2634",NA
821,"Вестник рентгенологии и радиологии","03.02.00","0,115","4","0042-4676","2619-0478"
822,"Контроль. Диагностика","02.05.00","0,115","4","0201-7032",NA
823,"Российский стоматологический журнал","03.02.00","0,115","4","1728-2802","2413-2934"
824,"Известия высших учебных заведений. Ядерная энергетика","02.11.00","0,114","4","0204-3327",NA
825,"Ведомости Научного центра экспертизы средств медицинского применения. Регуляторные исследования и экспертиза лекарственных средств","03.01.00","0,114","4","1991-2919","2619-1172"
826,"Программные продукты и системы","01.02.00","0,114","4","0236-235X","2311-2735"
827,"Проблемы машиностроения и автоматизации","02.02.00","0,113","4","0234-6206",NA
828,"Все о мясе","04.05.00","0,113","4","2071-2499",NA
829,"Сибирский журнал клинической и экспериментальной медицины","03.02.00","0,113","4","2713-2927","2713-265X"
830,"Клиническая геронтология","03.02.00","0,113","4","1607-2499","2658-4646"
831,"Свиноводство","04.02.00","0,112","4","0039-713X",NA
832,"Российский иммунологический журнал","01.06.00","0,112","4","1028-7221",NA
833,"Инженерная физика","01.02.00","0,112","4",NA,"2072-9995"
834,"Клиническая стоматология","03.02.00","0,111","4","1811-153X","2713-2846"
835,"Доказательная гастроэнтерология","03.02.00","0,111","4","2305-2260","2309-1363"
836,"Информационное общество","05.08.00","0,111","4","1606-1330","1605-9921"
837,"Лечебное дело","03.02.00","0,110","4","2071-5315",NA
838,"Сибирский научный медицинский журнал","03.01.00","0,110","4","2410-2512","2410-2520"
839,"Вестник Московского университета. Серия 10: Журналистика","05.08.00","0,110","4","0320-8079","2658-3526"
840,"Вестник Южно-Уральского государственного университета. Серия: Энергетика","02.02.00","0,110","4","1990-8512","2409-1057"
841,"Патологическая физиология и экспериментальная терапия","03.02.00","0,109","4","0031-2991",NA
842,"Офтальмологические ведомости","03.02.00","0,109","4","1998-7102","2412-5423"
843,"Нано- и микросистемная техника","02.02.00","0,109","4","1813-8586",NA
844,"Сеченовский вестник","03.02.00","0,108","4","2218-7332","2658-3348"
845,"Вестник Православного Свято-Тихоновского гуманитарного университета. Серия 3: Филология","06.02.00","0,108","4","1991-6485","2409-4897"
846,"Вестник Московского университета. Серия 7: Философия","06.03.00","0,108","4","0201-7385",NA
847,"Вопросы диетологии","03.02.00","0,108","4","2224-5448","2414-9004"
848,"Нейрохирургия","03.02.00","0,108","4","1683-3295","2587-7569"
849,"Пластическая хирургия и эстетическая медицина","03.02.00","0,108","4","2686-7346","2713-3389"
850,"Вестник Московского университета. Серия 9: Филология","06.02.00","0,107","4","0130-0075",NA
851,"Вестник хирургии им. И.И. Грекова","03.02.00","0,107","4","0042-4625","2686-7370"
852,"Металлы","02.05.00","0,106","4","0869-5733",NA
853,"Проблемы черной металлургии и материаловедения","02.05.00","0,106","4","1997-9258",NA
854,"Philologia Classica","06.02.00","0,106","4","0202-2532","2618-6969"
855,"Россия и современный мир","05.09.00","0,106","4","1726-5223",NA
856,"Военно-медицинский журнал","03.01.00","0,106","4","0026-9050",NA
857,"Казанский медицинский журнал","03.01.00","0,105","4","0368-4814","2587-9359"
858,"Российский аллергологический журнал","03.02.00","0,105","4","1810-8830","2686-682X"
859,"Упрочняющие технологии и покрытия","02.05.00","0,105","4","1813-1336",NA
860,"Вестник Российского фонда фундаментальных исследований. Гуманитарные и общественные науки","05.09.00","0,104","4","2587-6090","2587-8956"
861,"Финно-угорский мир","06.02.00","0,103","4","2076-2577","2541-982X"
862,"Acta Linguistica Petropolitana. Труды института лингвистических исследований","06.02.00","0,103","4","2306-5737","2658-4069"
863,"Известия высших учебных заведений. Электромеханика","02.02.00","0,103","4","0136-3360",NA
864,"Вестник антропологии","05.09.00","0,103","4","2311-0546",NA
865,"Кубанский научный медицинский вестник","03.01.00","0,103","4","1608-6228","2541-9544"
866,"Автоматика, связь, информатика","02.02.00","0,102","4","0005-2329",NA
867,"Modern Electronic Materials","02.02.00","0,102","4","2452-2449","2452-1779"
868,"Сибирское медицинское обозрение","03.02.00","0,102","4","1819-9496","2500-0136"
869,"Фундаментальные проблемы современного материаловедения","02.05.00","0,101","4","1811-1416",NA
870,"Информационные процессы","01.02.00","0,101","4",NA,"1819-5822"
871,"Вестник Воронежского государственного университета. Серия: Системный анализ и информационные технологии","01.02.00","0,101","4","1995-5499",NA
872,"Ежегодник финно-угорских исследований","05.07.00","0,101","4","2224-9443","2311-0333"
873,"Управление большими системами: сборник трудов","01.02.00","0,101","4","1819-2440","1819-2467"
874,"Материаловедение. Энергетика","02.05.00","0,101","4",NA,"2687-1300"
875,"Вестник Российской Военно-медицинской академии","03.02.00","0,101","4","1682-7392","2687-1424"
876,"Вестник Московского государственного технического университета им. Н.Э. Баумана. Серия Машиностроение","02.02.00","0,100","4","0236-3941","2413-6247"
877,"Кардиологический вестник","03.02.00","0,100","4","2077-6764","2712-889X"
878,"Известия высших учебных заведений. Цветная металлургия","02.05.00","0,100","4","0021-3438","2412-8783"
879,"Клиническая и экспериментальная морфология","03.01.00","0,100","4","2226-5988","2686-6749"
880,"Нервно-мышечные болезни","03.02.00","0,099","4","2222-8721","2413-0443"
881,"Профилактическая и клиническая медицина","03.02.00","0,099","4","2074-9120",NA
882,"Медицинская генетика","03.01.00","0,098","4","2073-7998",NA
883,"Японские исследования","05.07.00","0,097","4","2500-2872",NA
884,"Индоевропейское языкознание и классическая филология","06.02.00","0,096","4","2306-9015","2658-6452"
885,"Неврологический вестник","03.02.00","0,095","4","1027-4898","2304-3067"
886,"Вопросы литературы","06.02.00","0,094","4","0042-8795",NA
887,"Человек и его здоровье","03.01.00","0,094","4","1998-5746","1998-5754"
888,"Молекулярная медицина","03.01.00","0,093","4","1728-2918","2499-9490"
889,"Восток. Афро-Азиатские общества: история и современность","05.07.00","0,091","4","0869-1908","2713-0401"
890,"Сварочное производство","02.05.00","0,091","4","0491-6441",NA
891,"Эндоскопическая хирургия","03.02.00","0,091","4","1025-7209","2309-5636"
892,"Вестник Северо-Западного государственного медицинского университета им. И.И. Мечникова","03.02.00","0,091","4","2618-7116","2618-9704"
893,"Вестник Волгоградского государственного медицинского университета","03.02.00","0,090","4","1994-9480","1994-9499"
894,"Иммунопатология, аллергология, инфектология","03.01.00","0,090","4","2412-320X",NA
895,"Журнал стресс-физиологии и биохимии","01.06.00","0,090","4","1997-0838",NA
896,"ТРУДЫ МФТИ. Труды Московского физико- технического института (национального исследовательского университета)","02.02.00","0,090","4","2072-6759",NA
897,"Детская хирургия","03.02.00","0,090","4","1560-9510","2412-0677"
898,"Head and Neck/Голова и шея. Российское издание. Журнал Общероссийской общественной организации Федерация специалистов по лечению заболеваний головы и шеи","03.02.00","0,089","4","2310-5194","2414-9713"
899,"Датчики и системы","01.02.00","0,089","4","1992-7185",NA
900,"Нефтегазовое дело","02.07.00","0,088","4","2073-0128",NA
901,"Радиотехника","02.02.00","0,088","4","0033-8486",NA
902,"Онкология. Журнал им. П.А. Герцена","03.02.00","0,088","4","2305-218X","2309-4745"
903,"Биомедицинская радиоэлектроника","02.02.00","0,088","4","1560-4136",NA
904,"Приборы и системы. Управление, контроль, диагностика","02.02.00","0,088","4","2073-0004",NA
905,"Русская речь","06.02.00","0,087","4","0131-6117",NA
906,"Русский язык в школе","06.02.00","0,086","4","0131-6141","2619-0966"
907,"Клиническая физиология кровообращения","03.02.00","0,084","4","1814-6910","2410-9134"
908,"Вестник травматологии и ортопедии им. Н.Н. Приорова","03.02.00","0,082","4","0869-8678",NA
909,"Клиническая медицина","03.02.00","0,082","4","0023-2149","2412-1339"
910,"Российская стоматология","03.02.00","0,082","4","2072-6406","2309-5156"
911,"Практическая онкология","03.02.00","0,080","4","1726-9814",NA
912,"Вестник Московского государственного технического университета им. Н.Э. Баумана. Серия Приборостроение","02.02.00","0,079","4","0236-3933","2687-0614"
913,"Мясная индустрия","04.05.00","0,079","4","2618-8252",NA
914,"Российский медицинский журнал","03.02.00","0,079","4","0869-2106","2412-9100"
915,"Известия высших учебных заведений России. Радиоэлектроника","02.02.00","0,078","4","1993-8985","2658-4794"
916,"Российский вестник детской хирургии, анестезиологии и реаниматологии","03.02.00","0,077","4","2219-4061","2587-6554"
917,"Известия высших учебных заведений. Пищевая технология","02.09.00","0,077","4","0579-3009",NA
918,"Технологии нефти и газа","02.07.00","0,074","4","1815-2600",NA
919,"Вестник Национального медико- хирургического центра им. Н.И. Пирогова","03.01.00","0,074","4","2072-8255","2782-3628"
920,"Детские болезни сердца и сосудов","03.02.00","0,072","4","1810-0686","2410-8855"
921,"Российский журнал кожных и венерических болезней","03.02.00","0,072","4","1560-9588","2412-9097"
922,"Философия науки","06.03.00","0,069","4","1560-7488",NA
923,"Вестник неврологии, психиатрии и нейрохирургии","03.01.00","0,066","4","2074-6822",NA
924,"Скандинавская филология","06.02.00","0,065","4","0202-2397","2618-9518"
925,"Труды Российского государственного университета нефти и газа имени И.М. Губкина","02.07.00","0,059","4","2073-9028",NA
926,"Судостроение","02.07.00","0,057","4","0039-4580",NA
927,"Электромагнитные волны и электронные системы","02.02.00","0,056","4","1560-4128",NA
928,"Вестник Санкт-Петербургского университета. Медицина","03.01.00","0,049","4","1818-2909","2587-5876"
929,"Эндокринная хирургия","03.02.00","0,049","4","2306-3513","2310-3965"
930,"Технологии живых систем","02.08.00","0,039","4","2070-0997",NA
931,"Наноиндустрия","02.10.00","0,037","4","1993-8578","2687-0282"
